class	path
retrofit2.Utils	/tmp/projects/retrofit/retrofit/src/main/java/retrofit2/Utils.java
retrofit2.Utils$ParameterizedTypeImpl	/tmp/projects/retrofit/retrofit/src/main/java/retrofit2/Utils.java
retrofit2.Utils$GenericArrayTypeImpl	/tmp/projects/retrofit/retrofit/src/main/java/retrofit2/Utils.java
retrofit2.Utils$WildcardTypeImpl	/tmp/projects/retrofit/retrofit/src/main/java/retrofit2/Utils.java
retrofit2.RequestFactory	/tmp/projects/retrofit/retrofit/src/main/java/retrofit2/RequestFactory.java
retrofit2.RequestFactory$Builder	/tmp/projects/retrofit/retrofit/src/main/java/retrofit2/RequestFactory.java
retrofit2.Retrofit	/tmp/projects/retrofit/retrofit/src/main/java/retrofit2/Retrofit.java
retrofit2.Retrofit$1	/tmp/projects/retrofit/retrofit/src/main/java/retrofit2/Retrofit.java
retrofit2.Retrofit$Builder	/tmp/projects/retrofit/retrofit/src/main/java/retrofit2/Retrofit.java
retrofit2.ParameterHandler	/tmp/projects/retrofit/retrofit/src/main/java/retrofit2/ParameterHandler.java
retrofit2.ParameterHandler$1	/tmp/projects/retrofit/retrofit/src/main/java/retrofit2/ParameterHandler.java
retrofit2.ParameterHandler$2	/tmp/projects/retrofit/retrofit/src/main/java/retrofit2/ParameterHandler.java
retrofit2.ParameterHandler$RelativeUrl	/tmp/projects/retrofit/retrofit/src/main/java/retrofit2/ParameterHandler.java
retrofit2.ParameterHandler$Header	/tmp/projects/retrofit/retrofit/src/main/java/retrofit2/ParameterHandler.java
retrofit2.ParameterHandler$Path	/tmp/projects/retrofit/retrofit/src/main/java/retrofit2/ParameterHandler.java
retrofit2.ParameterHandler$Query	/tmp/projects/retrofit/retrofit/src/main/java/retrofit2/ParameterHandler.java
retrofit2.ParameterHandler$QueryName	/tmp/projects/retrofit/retrofit/src/main/java/retrofit2/ParameterHandler.java
retrofit2.ParameterHandler$QueryMap	/tmp/projects/retrofit/retrofit/src/main/java/retrofit2/ParameterHandler.java
retrofit2.ParameterHandler$HeaderMap	/tmp/projects/retrofit/retrofit/src/main/java/retrofit2/ParameterHandler.java
retrofit2.ParameterHandler$Headers	/tmp/projects/retrofit/retrofit/src/main/java/retrofit2/ParameterHandler.java
retrofit2.ParameterHandler$Field	/tmp/projects/retrofit/retrofit/src/main/java/retrofit2/ParameterHandler.java
retrofit2.ParameterHandler$FieldMap	/tmp/projects/retrofit/retrofit/src/main/java/retrofit2/ParameterHandler.java
retrofit2.ParameterHandler$Part	/tmp/projects/retrofit/retrofit/src/main/java/retrofit2/ParameterHandler.java
retrofit2.ParameterHandler$RawPart	/tmp/projects/retrofit/retrofit/src/main/java/retrofit2/ParameterHandler.java
retrofit2.ParameterHandler$PartMap	/tmp/projects/retrofit/retrofit/src/main/java/retrofit2/ParameterHandler.java
retrofit2.ParameterHandler$Body	/tmp/projects/retrofit/retrofit/src/main/java/retrofit2/ParameterHandler.java
retrofit2.ParameterHandler$Tag	/tmp/projects/retrofit/retrofit/src/main/java/retrofit2/ParameterHandler.java
retrofit2.RequestBuilder	/tmp/projects/retrofit/retrofit/src/main/java/retrofit2/RequestBuilder.java
retrofit2.RequestBuilder$ContentTypeOverridingRequestBody	/tmp/projects/retrofit/retrofit/src/main/java/retrofit2/RequestBuilder.java
retrofit2.ServiceMethod	/tmp/projects/retrofit/retrofit/src/main/java/retrofit2/ServiceMethod.java
retrofit2.Converter	/tmp/projects/retrofit/retrofit/src/main/java/retrofit2/Converter.java
retrofit2.Converter$Factory	/tmp/projects/retrofit/retrofit/src/main/java/retrofit2/Converter.java
retrofit2.CallAdapter	/tmp/projects/retrofit/retrofit/src/main/java/retrofit2/CallAdapter.java
retrofit2.CallAdapter$Factory	/tmp/projects/retrofit/retrofit/src/main/java/retrofit2/CallAdapter.java
retrofit2.Platform	/tmp/projects/retrofit/retrofit/src/main/java/retrofit2/Platform.java
retrofit2.Platform$Android	/tmp/projects/retrofit/retrofit/src/main/java/retrofit2/Platform.java
retrofit2.Platform$Android$MainThreadExecutor	/tmp/projects/retrofit/retrofit/src/main/java/retrofit2/Platform.java
retrofit2.Call	/tmp/projects/retrofit/retrofit/src/main/java/retrofit2/Call.java
retrofit2.Response	/tmp/projects/retrofit/retrofit/src/main/java/retrofit2/Response.java
retrofit2.Callback	/tmp/projects/retrofit/retrofit/src/main/java/retrofit2/Callback.java
retrofit2.Initializer	/tmp/projects/retrofit/retrofit/src/main/java/retrofit2/Initializer.java
retrofit2.OptionalConverterFactory	/tmp/projects/retrofit/retrofit/src/main/java/retrofit2/OptionalConverterFactory.java
retrofit2.OptionalConverterFactory$OptionalConverter	/tmp/projects/retrofit/retrofit/src/main/java/retrofit2/OptionalConverterFactory.java
retrofit2.HttpException	/tmp/projects/retrofit/retrofit/src/main/java/retrofit2/HttpException.java
retrofit2.HttpServiceMethod	/tmp/projects/retrofit/retrofit/src/main/java/retrofit2/HttpServiceMethod.java
retrofit2.HttpServiceMethod$CallAdapted	/tmp/projects/retrofit/retrofit/src/main/java/retrofit2/HttpServiceMethod.java
retrofit2.HttpServiceMethod$SuspendForResponse	/tmp/projects/retrofit/retrofit/src/main/java/retrofit2/HttpServiceMethod.java
retrofit2.HttpServiceMethod$SuspendForBody	/tmp/projects/retrofit/retrofit/src/main/java/retrofit2/HttpServiceMethod.java
retrofit2.CompletableFutureCallAdapterFactory	/tmp/projects/retrofit/retrofit/src/main/java/retrofit2/CompletableFutureCallAdapterFactory.java
retrofit2.CompletableFutureCallAdapterFactory$BodyCallAdapter	/tmp/projects/retrofit/retrofit/src/main/java/retrofit2/CompletableFutureCallAdapterFactory.java
retrofit2.CompletableFutureCallAdapterFactory$BodyCallAdapter$BodyCallback	/tmp/projects/retrofit/retrofit/src/main/java/retrofit2/CompletableFutureCallAdapterFactory.java
retrofit2.CompletableFutureCallAdapterFactory$ResponseCallAdapter	/tmp/projects/retrofit/retrofit/src/main/java/retrofit2/CompletableFutureCallAdapterFactory.java
retrofit2.CompletableFutureCallAdapterFactory$ResponseCallAdapter$ResponseCallback	/tmp/projects/retrofit/retrofit/src/main/java/retrofit2/CompletableFutureCallAdapterFactory.java
retrofit2.CompletableFutureCallAdapterFactory$CallCancelCompletableFuture	/tmp/projects/retrofit/retrofit/src/main/java/retrofit2/CompletableFutureCallAdapterFactory.java
retrofit2.internal.EverythingIsNonNull	/tmp/projects/retrofit/retrofit/src/main/java/retrofit2/internal/EverythingIsNonNull.java
retrofit2.NullUnmarked	/tmp/projects/retrofit/retrofit/src/main/java/retrofit2/NullUnmarked.java
retrofit2.http.Multipart	/tmp/projects/retrofit/retrofit/src/main/java/retrofit2/http/Multipart.java
retrofit2.http.PUT	/tmp/projects/retrofit/retrofit/src/main/java/retrofit2/http/PUT.java
retrofit2.http.Path	/tmp/projects/retrofit/retrofit/src/main/java/retrofit2/http/Path.java
retrofit2.http.Tag	/tmp/projects/retrofit/retrofit/src/main/java/retrofit2/http/Tag.java
retrofit2.http.Query	/tmp/projects/retrofit/retrofit/src/main/java/retrofit2/http/Query.java
retrofit2.http.PartMap	/tmp/projects/retrofit/retrofit/src/main/java/retrofit2/http/PartMap.java
retrofit2.http.Url	/tmp/projects/retrofit/retrofit/src/main/java/retrofit2/http/Url.java
retrofit2.http.Streaming	/tmp/projects/retrofit/retrofit/src/main/java/retrofit2/http/Streaming.java
retrofit2.http.FormUrlEncoded	/tmp/projects/retrofit/retrofit/src/main/java/retrofit2/http/FormUrlEncoded.java
retrofit2.http.FieldMap	/tmp/projects/retrofit/retrofit/src/main/java/retrofit2/http/FieldMap.java
retrofit2.http.HEAD	/tmp/projects/retrofit/retrofit/src/main/java/retrofit2/http/HEAD.java
retrofit2.http.QueryName	/tmp/projects/retrofit/retrofit/src/main/java/retrofit2/http/QueryName.java
retrofit2.http.HeaderMap	/tmp/projects/retrofit/retrofit/src/main/java/retrofit2/http/HeaderMap.java
retrofit2.http.POST	/tmp/projects/retrofit/retrofit/src/main/java/retrofit2/http/POST.java
retrofit2.http.HTTP	/tmp/projects/retrofit/retrofit/src/main/java/retrofit2/http/HTTP.java
retrofit2.http.Part	/tmp/projects/retrofit/retrofit/src/main/java/retrofit2/http/Part.java
retrofit2.http.DELETE	/tmp/projects/retrofit/retrofit/src/main/java/retrofit2/http/DELETE.java
retrofit2.http.Body	/tmp/projects/retrofit/retrofit/src/main/java/retrofit2/http/Body.java
retrofit2.http.Headers	/tmp/projects/retrofit/retrofit/src/main/java/retrofit2/http/Headers.java
retrofit2.http.Header	/tmp/projects/retrofit/retrofit/src/main/java/retrofit2/http/Header.java
retrofit2.http.PATCH	/tmp/projects/retrofit/retrofit/src/main/java/retrofit2/http/PATCH.java
retrofit2.http.OPTIONS	/tmp/projects/retrofit/retrofit/src/main/java/retrofit2/http/OPTIONS.java
retrofit2.http.Field	/tmp/projects/retrofit/retrofit/src/main/java/retrofit2/http/Field.java
retrofit2.http.QueryMap	/tmp/projects/retrofit/retrofit/src/main/java/retrofit2/http/QueryMap.java
retrofit2.http.GET	/tmp/projects/retrofit/retrofit/src/main/java/retrofit2/http/GET.java
retrofit2.OkHttpCall	/tmp/projects/retrofit/retrofit/src/main/java/retrofit2/OkHttpCall.java
retrofit2.OkHttpCall$1	/tmp/projects/retrofit/retrofit/src/main/java/retrofit2/OkHttpCall.java
retrofit2.OkHttpCall$NoContentResponseBody	/tmp/projects/retrofit/retrofit/src/main/java/retrofit2/OkHttpCall.java
retrofit2.OkHttpCall$ExceptionCatchingResponseBody	/tmp/projects/retrofit/retrofit/src/main/java/retrofit2/OkHttpCall.java
retrofit2.OkHttpCall$ExceptionCatchingResponseBody$1	/tmp/projects/retrofit/retrofit/src/main/java/retrofit2/OkHttpCall.java
retrofit2.SkipCallbackExecutor	/tmp/projects/retrofit/retrofit/src/main/java/retrofit2/SkipCallbackExecutor.java
retrofit2.Invocation	/tmp/projects/retrofit/retrofit/src/main/java/retrofit2/Invocation.java
retrofit2.DefaultCallAdapterFactory	/tmp/projects/retrofit/retrofit/src/main/java/retrofit2/DefaultCallAdapterFactory.java
retrofit2.DefaultCallAdapterFactory$1	/tmp/projects/retrofit/retrofit/src/main/java/retrofit2/DefaultCallAdapterFactory.java
retrofit2.DefaultCallAdapterFactory$ExecutorCallbackCall	/tmp/projects/retrofit/retrofit/src/main/java/retrofit2/DefaultCallAdapterFactory.java
retrofit2.DefaultCallAdapterFactory$ExecutorCallbackCall$1	/tmp/projects/retrofit/retrofit/src/main/java/retrofit2/DefaultCallAdapterFactory.java
retrofit2.BuiltInConverters	/tmp/projects/retrofit/retrofit/src/main/java/retrofit2/BuiltInConverters.java
retrofit2.BuiltInConverters$VoidResponseBodyConverter	/tmp/projects/retrofit/retrofit/src/main/java/retrofit2/BuiltInConverters.java
retrofit2.BuiltInConverters$UnitResponseBodyConverter	/tmp/projects/retrofit/retrofit/src/main/java/retrofit2/BuiltInConverters.java
retrofit2.BuiltInConverters$RequestBodyConverter	/tmp/projects/retrofit/retrofit/src/main/java/retrofit2/BuiltInConverters.java
retrofit2.BuiltInConverters$StreamingResponseBodyConverter	/tmp/projects/retrofit/retrofit/src/main/java/retrofit2/BuiltInConverters.java
retrofit2.BuiltInConverters$BufferingResponseBodyConverter	/tmp/projects/retrofit/retrofit/src/main/java/retrofit2/BuiltInConverters.java
retrofit2.BuiltInConverters$ToStringConverter	/tmp/projects/retrofit/retrofit/src/main/java/retrofit2/BuiltInConverters.java
retrofit2.SkipCallbackExecutorImpl	/tmp/projects/retrofit/retrofit/src/main/java/retrofit2/SkipCallbackExecutorImpl.java
